{
  "width": 640,
  "height": 480,
  "fx": 301.446,
  "fy": 293.07,
  "cx": 316.734,
  "cy": 232.049,
  "k1": 0.00899071,
  "k2": -0.00890992,
  "p1": 0,
  "p2": 0,
  "k3": 0,
  "rms": 1.18763
}
